rank,priority,score,name,category,rating,phone,channel,demo_url,address
1,top-50,41.2,Hayes Jewelry Ltd,jewelers,5.0 (419),(352) 372-4106,call,https://florida-man-bioscience.github.io/demo-websites/generated-sites/hayes-jewelry-ltd.html,"5753 SW 75th St, Gainesville, FL 32608"
2,top-50,38.47,Lor Kebab,restaurants,4.9 (271),(305) 846-4506,call,https://florida-man-bioscience.github.io/demo-websites/generated-sites/lor-kebab.html,"12 SW 1st Ave, Gainesville, FL 32601"
3,top-50,37.66,Dolce Vita Bakery Cafe,bakeries,4.5 (373),(352) 505-6688,call,https://florida-man-bioscience.github.io/demo-websites/generated-sites/dolce-vita-bakery-cafe.html,"4908 NW 34th Blvd Ste 2, Gainesville, FL 32605"
4,top-50,36.2,The Bakery Mill,bakeries,4.6 (709),,mailer,https://florida-man-bioscience.github.io/demo-websites/generated-sites/the-bakery-mill.html,"1143 NW 76th Blvd, Gainesville, FL 32606"
5,top-50,36.19,ONLY NAILS,nail+salons,4.8 (189),(352) 554-6088,call,https://florida-man-bioscience.github.io/demo-websites/generated-sites/only-nails.html,"3841 SW Archer Rd Suite. E, Gainesville, FL 32608"
6,top-50,35.47,Instant Curb Appeal of Florida - A Soft Washing Company,cleaning services,4.9 (79),(352) 316-3281,call,https://florida-man-bioscience.github.io/demo-websites/generated-sites/instant-curb-appeal-of-florida-a-soft-washing-company.html,"4923 NW 6th St Ste B, Gainesville, FL"
7,top-50,35.16,Ellianos Coffee,cafes,4.7 (494),,mailer,https://florida-man-bioscience.github.io/demo-websites/generated-sites/ellianos-coffee.html,"1521 SW 74th Dr, Gainesville, FL 32607"
8,top-50,35.16,Bob's Barber Shop,barbershops,4.6 (190),(352) 378-8698,call,https://florida-man-bioscience.github.io/demo-websites/generated-sites/bob-s-barber-shop.html,"1205 NW 23rd Ave, Gainesville, FL 32609"
9,top-50,34.9,Bohannon's 1 Stop,tire shops,4.2 (144),(352) 377-3170,call,https://florida-man-bioscience.github.io/demo-websites/generated-sites/bohannon-s-1-stop.html,2215 N Main St
10,top-50,34.79,Best Motor Works & Sports,auto repair,5.0 (63),(352) 375-3525,call,https://florida-man-bioscience.github.io/demo-websites/generated-sites/best-motor-works-sports.html,"65 SE 10th Ave, Gainesville, FL"
11,top-50,34.73,Fades & Fros,barbershops,4.5 (194),(352) 384-1008,call,https://florida-man-bioscience.github.io/demo-websites/generated-sites/fades-fros.html,"600 NW 5th Ave, Gainesville, FL 32601"
12,top-50,34.71,ADVANCE AUTO REPAIR & A/C LLC,auto repair,4.7 (81),(352) 372-3294,call,https://florida-man-bioscience.github.io/demo-websites/generated-sites/advance-auto-repair-a-c-llc.html,"1224 E University Ave, Gainesville, FL"
13,top-50,34.11,Hoffmann Auto Inc,auto repair,4.8 (65),(352) 336-0530,call,https://florida-man-bioscience.github.io/demo-websites/generated-sites/hoffmann-auto-inc.html,"3020 N Main St #4, Gainesville, FL"
14,top-50,33.97,MATT K AUTOMOTIVE,auto repair,4.7 (69),(352) 318-3624,call,https://florida-man-bioscience.github.io/demo-websites/generated-sites/matt-k-automotive.html,"2832 NE 20th Way Unit A, Gainesville, FL"
15,top-50,33.7,Triple S Plumbing Co Inc,plumbers,4.4 (87),(352) 473-0083,call,https://florida-man-bioscience.github.io/demo-websites/generated-sites/triple-s-plumbing-co-inc.html,"Gainesville, FL 32608"
16,top-50,33.67,Contractors Supply,contractors,4.6 (71),(352) 372-6315,call,https://florida-man-bioscience.github.io/demo-websites/generated-sites/contractors-supply.html,3010 NE Waldo Rd
17,top-50,33.17,"M&G SERVICE PROVIDERS, LLC.",cleaning services,4.9 (49),(352) 871-2668,call,https://florida-man-bioscience.github.io/demo-websites/generated-sites/m-g-service-providers-llc.html,"2225 NW 19th Ln, Gainesville, FL"
18,top-50,33.08,108 Vine,cafes,4.8 (281),,mailer,https://florida-man-bioscience.github.io/demo-websites/generated-sites/108-vine.html,"3735 W University Ave, Gainesville, FL 32607"
19,top-50,32.65,"No More Homeless Pets, Inc",veterinarians,4.8 (90),(352) 376-6647,call,https://florida-man-bioscience.github.io/demo-websites/generated-sites/no-more-homeless-pets-inc.html,4205 NW 6th St
20,top-50,32.51,Maude's Cafe,cafes,4.2 (550),,mailer,https://florida-man-bioscience.github.io/demo-websites/generated-sites/maude-s-cafe.html,"101 SE 2nd Pl, Gainesville, FL 32601"
21,top-50,31.79,Noah's Plumbing Inc.,plumbers,4.7 (43),(352) 316-8005,call,https://florida-man-bioscience.github.io/demo-websites/generated-sites/noah-s-plumbing-inc.html,"Gainesville, FL 32607"
22,top-50,31.6,Resident Coffee,cafes,4.8 (206),,mailer,https://florida-man-bioscience.github.io/demo-websites/generated-sites/resident-coffee.html,"4401 NW 25th Pl. Ste J, Gainesville, FL 32606"
23,top-50,31.55,Town Tire,tire shops,4.4 (53),(352) 384-0555,call,https://florida-man-bioscience.github.io/demo-websites/generated-sites/town-tire.html,7030 SW Archer Rd
24,top-50,31.47,Green Market Nursery and Landscaping,landscapers,4.4 (52),(386) 462-9641,call,https://florida-man-bioscience.github.io/demo-websites/generated-sites/green-market-nursery-and-landscaping.html,"5402 NW 8th Ave, Gainesville, FL"
25,top-50,31.46,West Coast Seafood Meat,grocery stores,3.9 (409),(352) 378-8119,call,https://florida-man-bioscience.github.io/demo-websites/generated-sites/west-coast-seafood-meat.html,"510 NE Waldo Rd, Gainesville, FL 32641"
26,top-50,31.28,A Whole Lotta Moving,movers,4.9 (33),(352) 792-2077,call,https://florida-man-bioscience.github.io/demo-websites/generated-sites/a-whole-lotta-moving.html,"Gainesville, FL (Exact address not visible in list, but located in Gainesville)"
27,top-50,31.24,Daydreamer+Cafe,cafes,4.8 (191),,mailer,https://florida-man-bioscience.github.io/demo-websites/generated-sites/daydreamer-cafe.html,"1225 W University Ave Ste 100, Gainesville, FL 32601"
28,top-50,31.07,Tucker Brothers Wood Floor Specialist Inc,contractors,4.8 (34),(352) 214-4073,call,https://florida-man-bioscience.github.io/demo-websites/generated-sites/tucker-brothers-wood-floor-specialist-inc.html,1918 NE 7th St
29,top-50,31.04,Salty Dog Saloon,bars,4.0 (522),,mailer,https://florida-man-bioscience.github.io/demo-websites/generated-sites/salty-dog-saloon.html,"1712 W University Ave, Gainesville, FL 32603"
30,top-50,30.67,"Aaron the Handyman, LLC",handyman,4.9 (29),(352) 895-1382,call,https://florida-man-bioscience.github.io/demo-websites/generated-sites/aaron-the-handyman-llc.html,
31,top-50,30.55,"Sunshine Accounting & Immigration Services, LLC",accountants,4.9 (53),(786) 357-8769,call,https://florida-man-bioscience.github.io/demo-websites/generated-sites/sunshine-accounting-immigration-services-llc.html,3709 NW 22nd Pl
32,top-50,30.14,A Touch Of Class Party Bus & Limo Service,dance studios,5.0 (45),(352) 514-0044,call,https://florida-man-bioscience.github.io/demo-websites/generated-sites/a-touch-of-class-party-bus-limo-service.html,2821 NE 20th Way
33,top-50,30.07,Locos por Tacos Food Truck,food trucks,4.9 (48),(352) 870-1377,call,https://florida-man-bioscience.github.io/demo-websites/generated-sites/locos-por-tacos-food-truck.html,"1712 SW 13th St, Gainesville, FL 32608"
34,top-50,29.99,"Northwood Cooling Heating & Appliance Services Inc,",hvac,4.8 (27),(352) 378-2829,call,https://florida-man-bioscience.github.io/demo-websites/generated-sites/northwood-cooling-heating-appliance-services-inc.html,4605 NW 6th St STE E
35,top-50,29.76,G Tattoos,tattoo shops,4.9 (45),(352) 451-4885,call,https://florida-man-bioscience.github.io/demo-websites/generated-sites/g-tattoos.html,"227 SW 4th Ave, Gainesville, FL 32601"
36,top-50,29.48,K-INACUP,food trucks,4.8 (46),(352) 448-1212,call,https://florida-man-bioscience.github.io/demo-websites/generated-sites/k-inacup.html,"931 SW 2nd Ave, Gainesville, FL 32601"
37,top-50,29.42,BakerBaker,bakeries,4.7 (145),,mailer,https://florida-man-bioscience.github.io/demo-websites/generated-sites/bakerbaker.html,"407 SW 4th Ave, Gainesville, FL 32601"
38,top-50,29.05,Swan Nail,nail+salons,4.3 (212),,mailer,https://florida-man-bioscience.github.io/demo-websites/generated-sites/swan-nail.html,"1515 NW 23rd Ave, Gainesville, FL 32605"
39,top-50,28.98,A Clear Choice,cleaning services,5.0 (19),(352) 256-8034,call,https://florida-man-bioscience.github.io/demo-websites/generated-sites/a-clear-choice.html,"4600 SW 34th St Unit 141124, Gainesville, FL"
40,top-50,28.83,The Egyptian Cafe,cafes,4.8 (40),(352) 451-4386,call,https://florida-man-bioscience.github.io/demo-websites/generated-sites/the-egyptian-cafe.html,"21 SE 2nd Pl, Gainesville, FL 32601"
41,top-50,28.71,Classic Cutz,barbershops,4.6 (46),(352) 519-5141,call,https://florida-man-bioscience.github.io/demo-websites/generated-sites/classic-cutz.html,"4120 NW 6th St, Gainesville, FL 32609"
42,top-50,28.34,Boxcar,bars,4.8 (104),,mailer,https://florida-man-bioscience.github.io/demo-websites/generated-sites/boxcar.html,"201 SE Depot Ave, Gainesville, FL 32601"
43,top-50,28.05,Kirsikka Jewelry,jewelers,4.2 (57),(352) 353-6968,call,https://florida-man-bioscience.github.io/demo-websites/generated-sites/kirsikka-jewelry.html,"5750 SW 75th Ct #48, Gainesville, FL 32608"
44,top-50,28.02,Lillian's Music Store,bars,4.4 (148),,mailer,https://florida-man-bioscience.github.io/demo-websites/generated-sites/lillian-s-music-store.html,"112 SE 1st St, Gainesville, FL 32601"
45,top-50,27.98,Capoeira Massapê Gainesville,dance studios,4.9 (31),(352) 575-6790,call,https://florida-man-bioscience.github.io/demo-websites/generated-sites/capoeira-massap-gainesville.html,2512 NE 1st Blvd STE 400
46,top-50,27.9,Baby J’s Bar,bars,4.3 (162),,mailer,https://florida-man-bioscience.github.io/demo-websites/generated-sites/baby-j-s-bar.html,"7 W University Ave, Gainesville, FL 32601"
47,top-50,27.88,Glamorous Nails,nail+salons,4.3 (161),,mailer,https://florida-man-bioscience.github.io/demo-websites/generated-sites/glamorous-nails.html,"4209 NW 16th Blvd, Gainesville, FL 32605"
48,top-50,27.85,Crane's One Hour Cleaners,dry cleaners,4.3 (100),(352) 376-0156,call,https://florida-man-bioscience.github.io/demo-websites/generated-sites/crane-s-one-hour-cleaners.html,411 NE 23rd Ave
49,top-50,27.85,Gainesville Supermarket,grocery stores,4.3 (100),(352) 332-1550,call,https://florida-man-bioscience.github.io/demo-websites/generated-sites/gainesville-supermarket.html,"7114 W University Ave, Gainesville, FL 32607"
50,top-50,27.63,Munegin's On 13th,bars,4.3 (152),,mailer,https://florida-man-bioscience.github.io/demo-websites/generated-sites/munegin-s-on-13th.html,"4005 NW 13th St, Gainesville, FL 32609"
51,week-2,27.55,"Sunshine Accounting & Immigration Services, LLC",notary,4.9 (53),(786) 357-8769,call,https://florida-man-bioscience.github.io/demo-websites/generated-sites/sunshine-accounting-immigration-services-llc.html,"3709 NW 22nd Pl, Gainesville, FL"
52,week-2,27.54,Gainesville Air Conditioning & Heating Services,hvac,5.0 (14),(239) 499-6663,call,https://florida-man-bioscience.github.io/demo-websites/generated-sites/gainesville-air-conditioning-heating-services.html,680 Windmeadows Blvd
53,week-2,27.49,Kutters,barbershops,4.8 (87),,mailer,https://florida-man-bioscience.github.io/demo-websites/generated-sites/kutters.html,"1916 NE Waldo Rd, Gainesville, FL 32609"
54,week-2,27.43,Queen Nails,nail+salons,4.5 (116),,mailer,https://florida-man-bioscience.github.io/demo-websites/generated-sites/queen-nails.html,"5109 NW 39th Ave, Gainesville, FL 32606"
55,week-2,27.28,S & S Cleaners,dry cleaners,4.4 (79),(352) 372-4184,call,https://florida-man-bioscience.github.io/demo-websites/generated-sites/s-s-cleaners.html,503 SW 3rd St
56,week-2,27.2,39 NAIL SALON,nail+salons,4.7 (90),,mailer,https://florida-man-bioscience.github.io/demo-websites/generated-sites/39-nail-salon.html,"8181 NW 39th Ave Ste 40, Gainesville, FL 32606"
57,week-2,27.18,Hogtown Plumbing Inc,plumbers,4.4 (19),(352) 372-5725,call,https://florida-man-bioscience.github.io/demo-websites/generated-sites/hogtown-plumbing-inc.html,"Gainesville, FL 32601"
58,week-2,26.88,Ole Barn,bars,4.7 (84),,mailer,https://florida-man-bioscience.github.io/demo-websites/generated-sites/ole-barn.html,"1791 NE 23rd Ave, Gainesville, FL 32609"
59,week-2,26.77,Taqueria Street Tacos | Mexican,food trucks,4.9 (24),(352) 448-1323,call,https://florida-man-bioscience.github.io/demo-websites/generated-sites/taqueria-street-tacos-mexican.html,"8149 NW 38th Ln, Gainesville, FL 32606"
60,week-2,26.46,Bushel & Peck bakery + cafe,bakeries,5.0 (21),(352) 900-2253,call,https://florida-man-bioscience.github.io/demo-websites/generated-sites/bushel-peck-bakery-cafe.html,"1001 NW 5th Ave, Gainesville, FL 32601"
61,week-2,26.42,Gainesville Heating & Air Conditioning,hvac,5.0 (11),(352) 423-9449,call,https://florida-man-bioscience.github.io/demo-websites/generated-sites/gainesville-heating-air-conditioning.html,106 SE 6th St
62,week-2,26.04,New York Nails,nail+salons,4.2 (117),,mailer,https://florida-man-bioscience.github.io/demo-websites/generated-sites/new-york-nails.html,"3550 SW 34th St Suite C, Gainesville, FL 32608"
63,week-2,25.99,All around services pro,handyman,5.0 (10),(386) 266-3073,call,https://florida-man-bioscience.github.io/demo-websites/generated-sites/all-around-services-pro.html,6201 SW 37th Way
64,week-2,25.98,Lightnin' Salvage Enterprises,bars,4.9 (58),,mailer,https://florida-man-bioscience.github.io/demo-websites/generated-sites/lightnin-salvage-enterprises.html,"1800 NE 23rd Ave, Gainesville, FL 32609"
65,week-2,25.98,Twist Coffee & Cocktails,cafes,5.0 (19),(352) 376-1224,call,https://florida-man-bioscience.github.io/demo-websites/generated-sites/twist-coffee-cocktails.html,"413 W University Ave, Gainesville, FL 32601"
66,week-2,25.93,Balls,bars,4.1 (128),,mailer,https://florida-man-bioscience.github.io/demo-websites/generated-sites/balls.html,"1716 W University Ave, Gainesville, FL 32603"
67,week-2,25.91,Joe Lawton Custom Paint,painters,3.8 (22),(352) 375-7400,call,https://florida-man-bioscience.github.io/demo-websites/generated-sites/joe-lawton-custom-paint.html,"1206 S Main St, Gainesville, FL"
68,week-2,25.72,Diva+Healing+Beauty,spas,5.0 (18),(818) 515-9855,call,https://florida-man-bioscience.github.io/demo-websites/generated-sites/diva-healing-beauty.html,"100 SW 75th St suite 204, Gainesville, FL 32607"
69,week-2,25.51,Expert HVAC Contractor Gainesville,hvac,5.0 (9),(352) 450-9079,call,https://florida-man-bioscience.github.io/demo-websites/generated-sites/expert-hvac-contractor-gainesville.html,8200 NW 15th Pl
70,week-2,25.39,Pepe's Grocery & Deli,grocery stores,4.3 (56),(352) 421-5251,call,https://florida-man-bioscience.github.io/demo-websites/generated-sites/pepe-s-grocery-deli.html,"1888 SW 42nd Dr, Gainesville, FL 32607"
71,week-2,25.38,Gainesville Beach Tattoo Parlor,tattoo shops,4.8 (19),(352) 554-0039,call,https://florida-man-bioscience.github.io/demo-websites/generated-sites/gainesville-beach-tattoo-parlor.html,"15 SW 2nd St upstairs, Gainesville, FL 32601"
72,week-2,24.99,Alachua County Residential Painting LLC,painters,5.0 (8),(352) 213-2693,call,https://florida-man-bioscience.github.io/demo-websites/generated-sites/alachua-county-residential-painting-llc.html,"3408 SW 31st Dr #22c, Gainesville, FL"
73,week-2,24.7,39th Express,grocery stores,4.0 (64),(352) 336-3900,call,https://florida-man-bioscience.github.io/demo-websites/generated-sites/39th-express.html,"220 NW 39th Ave, Gainesville, FL 32609"
74,week-2,23.99,Coronet Fabric Mills,upholstery,4.7 (29),(352) 373-3666,call,https://florida-man-bioscience.github.io/demo-websites/generated-sites/coronet-fabric-mills.html,"9414 US-441, Gainesville, FL 32653"
75,week-2,23.96,Klaus Fine Jewelers,jewelers,4.4 (18),(352) 538-0058,call,https://florida-man-bioscience.github.io/demo-websites/generated-sites/klaus-fine-jewelers.html,"2441 NW 43rd St STE 2A, Gainesville, FL 32606"
76,week-2,23.94,Kutters Barber Shop,barbershops,4.8 (41),,mailer,https://florida-man-bioscience.github.io/demo-websites/generated-sites/kutters-barber-shop.html,"211 NE 16th Ave, Gainesville, FL 32601"
77,week-2,23.89,quality cheap lawn care maintenance MUNOZ,landscapers,4.5 (8),(352) 327-6609,call,https://florida-man-bioscience.github.io/demo-websites/generated-sites/quality-cheap-lawn-care-maintenance-munoz.html,"1021 NW 22nd Ave, Gainesville, FL"
78,week-2,23.82,Brazilian Skills,martial arts,5.0 (12),(786) 236-2442,call,https://florida-man-bioscience.github.io/demo-websites/generated-sites/brazilian-skills.html,"3832 Newberry Rd, Gainesville, FL"
79,week-2,23.38,Steve's headliners,upholstery,4.4 (32),(352) 226-1973,call,https://florida-man-bioscience.github.io/demo-websites/generated-sites/steve-s-headliners.html,"3308 NW 21st St, Gainesville, FL"
80,week-2,23.37,Rosa B Williams Center,dance studios,4.2 (18),(352) 260-6977,call,https://florida-man-bioscience.github.io/demo-websites/generated-sites/rosa-b-williams-center.html,524 NW 1st St
81,week-2,23.15,Richardson's Heating and Air Conditioning,hvac,4.4 (7),(352) 378-1943,call,https://florida-man-bioscience.github.io/demo-websites/generated-sites/richardson-s-heating-and-air-conditioning.html,9923 SW 86th Terrace
82,week-2,22.96,Affordable Movers LLC,movers,5.0 (5),(352) 777-6999,call,https://florida-man-bioscience.github.io/demo-websites/generated-sites/affordable-movers-llc.html,"3831 SW 82nd St, Gainesville, FL 32608"
83,week-2,22.83,Style Cuts,barbershops,4.9 (30),,mailer,https://florida-man-bioscience.github.io/demo-websites/generated-sites/style-cuts.html,"110 SW 34th St, Gainesville, FL 32607"
84,week-2,22.71,Head2Norman's Barbershop,barbershops,4.5 (40),,mailer,https://florida-man-bioscience.github.io/demo-websites/generated-sites/head2norman-s-barbershop.html,"816 NW 5th Ave, Gainesville, FL 32601"
85,week-2,22.63,Gainesville Cooling & Heating,hvac,3.6 (10),(352) 328-3429,call,https://florida-man-bioscience.github.io/demo-websites/generated-sites/gainesville-cooling-heating.html,1501 NW 23rd Ave
86,week-2,22.6,Tokyo+LLC,spas,3.7 (22),(352) 372-1163,call,https://florida-man-bioscience.github.io/demo-websites/generated-sites/tokyo-llc.html,"211 SW 4th Ave #5, Gainesville, FL 32601"
87,week-2,22.51,Wayne Heads Southern Kitchen | Soul,food trucks,4.8 (10),(352) 301-4190,call,https://florida-man-bioscience.github.io/demo-websites/generated-sites/wayne-heads-southern-kitchen-soul.html,"1602 NE Waldo Rd, Gainesville, FL 32609"
88,week-2,22.33,Fine Line Barber Shop,barbershops,4.9 (27),,mailer,https://florida-man-bioscience.github.io/demo-websites/generated-sites/fine-line-barber-shop.html,"1152 NE 16th Ave, Gainesville, FL 32601"
89,week-2,22.24,Grove Street Farmers Market,grocery stores,4.7 (59),,mailer,https://florida-man-bioscience.github.io/demo-websites/generated-sites/grove-street-farmers-market.html,"1001 NW 4th St, Gainesville, FL 32601"
90,week-2,22.21,GATE Gas Station,convenience stores,3.5 (57),(352) 376-5444,call,https://florida-man-bioscience.github.io/demo-websites/generated-sites/gate-gas-station.html,506 NW 13th St
91,week-2,22.17,Warrington's Furniture Repair,upholstery,4.3 (26),(352) 338-0535,call,https://florida-man-bioscience.github.io/demo-websites/generated-sites/warrington-s-furniture-repair.html,"818 NW 4th St, Gainesville, FL"
92,week-2,22.05,JP Pressure Washing & Landscape Services,lawn care,5.0 (4),(386) 628-7663,call,https://florida-man-bioscience.github.io/demo-websites/generated-sites/jp-pressure-washing-landscape-services.html,8401 NW 13th St LOT 74
93,week-2,22.03,SWAMP RELIGION,food trucks,4.3 (12),(352) 215-6202,call,https://florida-man-bioscience.github.io/demo-websites/generated-sites/swamp-religion.html,"904 E University Ave, Gainesville, FL 32601"
94,week-2,21.48,Don's Coin Laundry,dry cleaners,3.4 (170),(352) 376-6997,call,https://florida-man-bioscience.github.io/demo-websites/generated-sites/don-s-coin-laundry.html,5001 NW 34th Blvd A
95,week-2,21.2,Sunshine Furniture Services,upholstery,5.0 (13),(352) 377-2867,call,https://florida-man-bioscience.github.io/demo-websites/generated-sites/sunshine-furniture-services.html,"3033 NE 19th Dr #12, Gainesville, FL"
96,week-2,20.93,LicketySplitLawnService LLC,lawn care,5.0 (3),(352) 327-0983,call,https://florida-man-bioscience.github.io/demo-websites/generated-sites/licketysplitlawnservice-llc.html,1130 SW 16th Ave
97,week-2,20.93,Bernard Howell Lawn Care,lawn care,5.0 (3),(352) 374-4359,call,https://florida-man-bioscience.github.io/demo-websites/generated-sites/bernard-howell-lawn-care.html,2411 NE 10th Terrace
98,week-2,20.93,HandiPro Services,handyman,5.0 (3),(352) 327-5275,call,https://florida-man-bioscience.github.io/demo-websites/generated-sites/handipro-services.html,
99,week-2,20.93,Carlisle Pest Control,pest control,5.0 (3),(352) 641-6040,call,https://florida-man-bioscience.github.io/demo-websites/generated-sites/carlisle-pest-control.html,"5745 SW 75th St, Gainesville, FL 32608"
100,week-2,20.91,Roses Express,grocery stores,3.5 (39),(352) 373-3566,call,https://florida-man-bioscience.github.io/demo-websites/generated-sites/roses-express.html,"2370 N Main St, Gainesville, FL 32609"
101,week-2,20.49,Partners Insurance Agency,insurance agents,3.7 (12),(352) 332-0180,call,https://florida-man-bioscience.github.io/demo-websites/generated-sites/partners-insurance-agency.html,"4040 Newberry Rd Ste 950, Gainesville, FL 32607"
102,week-2,20.44,Jeff Williams Lawn Service Inc,lawn care,4.0 (4),(352) 373-4145,call,https://florida-man-bioscience.github.io/demo-websites/generated-sites/jeff-williams-lawn-service-inc.html,4010 NW 26th Ter
103,week-2,20.14,Big Sun Upholstery & Fabrics,upholstery,4.6 (13),(352) 371-2827,call,https://florida-man-bioscience.github.io/demo-websites/generated-sites/big-sun-upholstery-fabrics.html,"4647 NW 6th St H, Gainesville, FL"
104,week-2,20.05,Pristine Clean Gainesville Cleaning Service,cleaning services,3.3 (20),(352) 278-3437,call,https://florida-man-bioscience.github.io/demo-websites/generated-sites/pristine-clean-gainesville-cleaning-service.html,"4040 Newberry Rd #1300, Gainesville, FL"
105,week-2,20.04,Wash King,dry cleaners,3.3 (128),(352) 872-3856,call,https://florida-man-bioscience.github.io/demo-websites/generated-sites/wash-king.html,210 NE 16th Ave
106,week-2,19.96,(Handyman) David Michelle Repairman LLC,handyman,4.3 (3),(352) 256-9013,call,https://florida-man-bioscience.github.io/demo-websites/generated-sites/handyman-david-michelle-repairman-llc.html,618 SW 69th St Apt C
107,week-2,19.76,Mobile Pet Doctor,veterinarians,4.5 (6),(352) 665-8454,call,https://florida-man-bioscience.github.io/demo-websites/generated-sites/mobile-pet-doctor.html,6100 NW 4th Pl
108,week-2,19.56,AK's Kwik Stop,convenience stores,4.0 (17),(352) 378-8404,call,https://florida-man-bioscience.github.io/demo-websites/generated-sites/ak-s-kwik-stop.html,2206 NW 6th St
109,week-2,19.51,Walkers OneStopShop,clothing boutiques,5.0 (9),(352) 562-9668,call,https://florida-man-bioscience.github.io/demo-websites/generated-sites/walkers-onestopshop.html,"1334 SE 1st Ave, Gainesville, FL 32641"
110,week-2,19.49,AAA Refrigeration,hvac,5.0 (2),(352) 373-0501,call,https://florida-man-bioscience.github.io/demo-websites/generated-sites/aaa-refrigeration.html,2854 NE 21 Way
111,week-2,19.49,Rescue Pest Experts,pest control,5.0 (2),(352) 580-9116,call,https://florida-man-bioscience.github.io/demo-websites/generated-sites/rescue-pest-experts.html,"4000 SW Archer Rd, Gainesville, FL 32608"
112,week-2,19.4,Iglesia Que Ayida,cleaning services,5.0 (7),,mailer,https://florida-man-bioscience.github.io/demo-websites/generated-sites/iglesia-que-ayida.html,"1717 NE 9th St, Gainesville, FL"
113,week-2,19.2,Downtown Fats,bars,4.1 (24),,mailer,https://florida-man-bioscience.github.io/demo-websites/generated-sites/downtown-fats.html,"112 S Main St, Gainesville, FL 32601"
114,week-2,19.05,"Timothy P. Deegan, CPA",accountants,5.0 (4),(352) 337-0020,call,https://florida-man-bioscience.github.io/demo-websites/generated-sites/timothy-p-deegan-cpa.html,9200 NW 36th Pl A
115,week-2,19.05,Bujinkan Zeropoint Dojo,martial arts,5.0 (4),(352) 226-8947,call,https://florida-man-bioscience.github.io/demo-websites/generated-sites/bujinkan-zeropoint-dojo.html,"706A NW 23rd Ave, Gainesville, FL"
116,week-2,18.93,Capones GNV,bars,4.9 (13),,mailer,https://florida-man-bioscience.github.io/demo-websites/generated-sites/capones-gnv.html,"104 S Main St, Gainesville, FL 32601"
117,week-2,18.73,Chef JJ Creations,food trucks,4.8 (4),(352) 231-1582,call,https://florida-man-bioscience.github.io/demo-websites/generated-sites/chef-jj-creations.html,"1225 NW 10th Ave, Gainesville, FL 32601"
118,week-2,18.53,"Maurer Tax Accounting, Inc.",accountants,4.2 (5),(352) 374-6789,call,https://florida-man-bioscience.github.io/demo-websites/generated-sites/maurer-tax-accounting-inc.html,1216 NW 13th St
119,week-2,18.19,Gainesville+Spa+Center+by+Voupre,spas,3.2 (32),(352) 788-2401,call,https://florida-man-bioscience.github.io/demo-websites/generated-sites/gainesville-spa-center-by-voupre.html,"6419 W Newberry Rd d0001, Gainesville, FL 32605"
120,week-2,17.93,"Elevate Early Learning Academy, Gainesville",daycares,5.0 (3),(352) 756-4867,call,https://florida-man-bioscience.github.io/demo-websites/generated-sites/elevate-early-learning-academy-gainesville.html,1127 NW 7th Ave
121,later,17.88,Rip's Cleaners,dry cleaners,3.3 (66),(352) 372-0560,call,https://florida-man-bioscience.github.io/demo-websites/generated-sites/rip-s-cleaners.html,316 N Main St
122,later,17.47,Palmetto Supply,landscapers,5.0 (1),(843) 344-3212,call,https://florida-man-bioscience.github.io/demo-websites/generated-sites/palmetto-supply.html,"Gainesville, FL"
123,later,17.47,Cutting Edge Lawn Care,lawn care,5.0 (1),(352) 372-0430,call,https://florida-man-bioscience.github.io/demo-websites/generated-sites/cutting-edge-lawn-care.html,"Gainesville, FL"
124,later,16.49,Dean G Poole & Co,accountants,5.0 (2),(352) 377-7905,call,https://florida-man-bioscience.github.io/demo-websites/generated-sites/dean-g-poole-co.html,2531 NW 41 St Ste D
125,later,16.49,Moring-San Martial Arts,martial arts,5.0 (2),(352) 448-1439,call,https://florida-man-bioscience.github.io/demo-websites/generated-sites/moring-san-martial-arts.html,"6710 NW 126th Ave, Gainesville, FL"
126,later,16.49,The Line Defined Tattoo,tattoo shops,5.0 (2),(352) 215-6495,call,https://florida-man-bioscience.github.io/demo-websites/generated-sites/the-line-defined-tattoo.html,"111 SW 3rd St, Gainesville, FL 32601"
127,later,16.49,Rowan Butler Town Center,tattoo shops,5.0 (2),(352) 451-4031,call,https://florida-man-bioscience.github.io/demo-websites/generated-sites/rowan-butler-town-center.html,"2850 SW 35th Dr Ste 70, Gainesville, FL 32608"
128,later,16.49,New Key Tattoo,tattoo shops,5.0 (2),(352) 278-0509,call,https://florida-man-bioscience.github.io/demo-websites/generated-sites/new-key-tattoo.html,"111 SW 3rd St, Gainesville, FL 32601"
129,later,16.37,Grow-N-Grace Farms,grocery stores,4.3 (6),(352) 514-2752,call,https://florida-man-bioscience.github.io/demo-websites/generated-sites/grow-n-grace-farms.html,"919 NW 31st Ave, Gainesville, FL 32609"
130,later,16.13,Vet Wellcare Vaccinations Clinic at Pet Supermarket,veterinarians,3.7 (3),(352) 336-8006,call,https://florida-man-bioscience.github.io/demo-websites/generated-sites/vet-wellcare-vaccinations-clinic-at-pet-supermarket.html,2339 NW 13th St
131,later,15.94,Xclusive Eatz,food trucks,4.5 (2),(352) 363-2782,call,https://florida-man-bioscience.github.io/demo-websites/generated-sites/xclusive-eatz.html,"1714 SE Hawthorne Rd, Gainesville, FL 32641"
132,later,15.9,Vet,veterinarians,4.3 (9),,mailer,https://florida-man-bioscience.github.io/demo-websites/generated-sites/vet.html,NW 34th Blvd
133,later,15.73,Church's Plumbing Inc,plumbers,3.2 (5),(352) 372-4678,call,https://florida-man-bioscience.github.io/demo-websites/generated-sites/church-s-plumbing-inc.html,"4415 SW 35th Terrace, Gainesville, FL 32608"
134,later,15.58,Time Connection,jewelers,2.5 (30),(352) 372-6224,call,https://florida-man-bioscience.github.io/demo-websites/generated-sites/time-connection.html,"403 NE 23rd Ave, Gainesville, FL 32609"
135,later,15.53,Tower Square Cleaners,dry cleaners,4.2 (5),(352) 377-0865,call,https://florida-man-bioscience.github.io/demo-websites/generated-sites/tower-square-cleaners.html,5737 SW 75th St
136,later,14.96,Liatris Tattoo,tattoo shops,5.0 (5),,mailer,https://florida-man-bioscience.github.io/demo-websites/generated-sites/liatris-tattoo.html,"1002 NW 2nd St a5, Gainesville, FL 32601"
137,later,14.93,Kim's Signature Beauty and Accessories,clothing boutiques,5.0 (3),(352) 213-0080,call,https://florida-man-bioscience.github.io/demo-websites/generated-sites/kim-s-signature-beauty-and-accessories.html,"806 NW 16th Ave Unit 257, Gainesville, FL 32601"
138,later,14.85,Wilhelmina Johnson Resource,dance studios,3.5 (2),(352) 372-0216,call,https://florida-man-bioscience.github.io/demo-websites/generated-sites/wilhelmina-johnson-resource.html,321 NW 10th St
139,later,14.47,"Mink & Agarwal, pllc",accountants,5.0 (1),(352) 246-8679,call,https://florida-man-bioscience.github.io/demo-websites/generated-sites/mink-agarwal-pllc.html,5200 Newberry Rd # D4
140,later,14.47,Elevated Inkness,tattoo shops,5.0 (1),(352) 617-9836,call,https://florida-man-bioscience.github.io/demo-websites/generated-sites/elevated-inkness.html,"123 N Main St, Gainesville, FL 32601"
141,later,14.47,Yoga For All,gyms,5.0 (1),(352) 256-2172,call,https://florida-man-bioscience.github.io/demo-websites/generated-sites/yoga-for-all.html,"7731 W Newberry Rd # A2, Gainesville, FL 32606"
142,later,14.2,Quality Cleaners,dry cleaners,3.0 (29),(352) 338-9920,call,https://florida-man-bioscience.github.io/demo-websites/generated-sites/quality-cleaners.html,5200 NW 43rd St #101
143,later,14.03,La Chua Vintage,clothing boutiques,4.3 (12),,mailer,https://florida-man-bioscience.github.io/demo-websites/generated-sites/la-chua-vintage.html,"2029 NW 6th St, Gainesville, FL 32609"
144,later,14.0,Dan Kays Auto Repair,auto repair,4.8 (based on reviews),(352) 371-3888,call,https://florida-man-bioscience.github.io/demo-websites/generated-sites/dan-kays-auto-repair.html,"1124 SE 4th St, Gainesville, FL"
145,later,14.0,Tommy's Autoworks,auto repair,4.6 (based on reviews),(352) 577-9502,call,https://florida-man-bioscience.github.io/demo-websites/generated-sites/tommy-s-autoworks.html,"125 NE 23rd Ave Ste D, Gainesville, FL"
146,later,14.0,Dad's Auto Repair,auto repair,4.7 (based on reviews),(352) 727-7849,call,https://florida-man-bioscience.github.io/demo-websites/generated-sites/dad-s-auto-repair.html,"2014 NE 23rd Ave, Gainesville, FL"
147,later,14.0,Tire Depot,tire shops,4.4 (stars),(352) 256-3371,call,https://florida-man-bioscience.github.io/demo-websites/generated-sites/tire-depot.html,1700 N Main St
148,later,14.0,Sam's Tires Of Gainesville,tire shops,4.7 (stars),(352) 327-2026,call,https://florida-man-bioscience.github.io/demo-websites/generated-sites/sam-s-tires-of-gainesville.html,4500 NW 6th St
149,later,14.0,Cato's Tires,tire shops,4.9 (stars),(352) 874-2286,call,https://florida-man-bioscience.github.io/demo-websites/generated-sites/cato-s-tires.html,4551 NW 6th St
150,later,14.0,Low Cost Tires LLC,tire shops,4.5 (stars),(352) 338-1002,call,https://florida-man-bioscience.github.io/demo-websites/generated-sites/low-cost-tires-llc.html,1409 S Main St
151,later,14.0,"Dale's Tire, Inc.",tire shops,4.8 (stars),(352) 377-9590,call,https://florida-man-bioscience.github.io/demo-websites/generated-sites/dale-s-tire-inc.html,2928 NE 21 Way
152,later,14.0,Advanced Tire Service,tire shops,4.2 (stars),(352) 559-0708,call,https://florida-man-bioscience.github.io/demo-websites/generated-sites/advanced-tire-service.html,912 N Main St
153,later,14.0,Theos Lawn Maintenance,landscapers,"4.9 (reviews count not explicitly shown in list view, but rating is visible)",(352) 682-6898,call,https://florida-man-bioscience.github.io/demo-websites/generated-sites/theos-lawn-maintenance.html,"3118 NE 13th St, Gainesville, FL"
154,later,14.0,GV Lawn Care Services,landscapers,No reviews,(352) 225-6723,call,https://florida-man-bioscience.github.io/demo-websites/generated-sites/gv-lawn-care-services.html,"445 NW 27th Ave, Gainesville, FL"
155,later,14.0,Gourmet Landscaping Services Inc,landscapers,"4.8 (rating visible, review count not explicitly shown in list view)",(954) 934-7978,call,https://florida-man-bioscience.github.io/demo-websites/generated-sites/gourmet-landscaping-services-inc.html,"Gainesville, FL"
156,later,14.0,All Florida Electric Co Inc,electricians,4.7,(352) 378-6014,call,https://florida-man-bioscience.github.io/demo-websites/generated-sites/all-florida-electric-co-inc.html,2606 NE 17th Ter
157,later,14.0,Kennedy Electric,electricians,4.2,(352) 375-0739,call,https://florida-man-bioscience.github.io/demo-websites/generated-sites/kennedy-electric.html,2306 NW 71st Pl
158,later,14.0,Keough Electric,electricians,4.8,(352) 363-4078,call,https://florida-man-bioscience.github.io/demo-websites/generated-sites/keough-electric.html,4824 SW 57th Dr
159,later,14.0,Manny's Electric,electricians,4.9,(352) 514-2035,call,https://florida-man-bioscience.github.io/demo-websites/generated-sites/manny-s-electric.html,11032 NW 60 Terrace
160,later,14.0,Shockwave Electricians,electricians,4.7 (15 Reviews),(352) 218-7153,call,https://florida-man-bioscience.github.io/demo-websites/generated-sites/shockwave-electricians.html,321 SW 13th St Fl 2
161,later,14.0,"Troy's Electric Repair, LLC",electricians,4.6 (34 Reviews),(352) 258-9021,call,https://florida-man-bioscience.github.io/demo-websites/generated-sites/troy-s-electric-repair-llc.html,3626 NW 97th Blvd
162,later,14.0,Gainesville Electric,electricians,No reviews,(352) 373-3137,call,https://florida-man-bioscience.github.io/demo-websites/generated-sites/gainesville-electric.html,2386 NE 18th Ter
163,later,14.0,Gainesville Lawn Care,lawn care,4.0,(352) 871-9880,call,https://florida-man-bioscience.github.io/demo-websites/generated-sites/gainesville-lawn-care.html,2717 SW 98th Dr
164,later,14.0,Hammer Down Lawn Care,lawn care,5.0,(954) 663-6156,call,https://florida-man-bioscience.github.io/demo-websites/generated-sites/hammer-down-lawn-care.html,3431 NW 67th Ave
165,later,14.0,iLawn & Landscaping,lawn care,5.0,(352) 415-3340,call,https://florida-man-bioscience.github.io/demo-websites/generated-sites/ilawn-landscaping.html,3633 NW 30th Pl
166,later,14.0,GV Lawn Care Services,lawn care,No reviews,(352) 225-6723,call,https://florida-man-bioscience.github.io/demo-websites/generated-sites/gv-lawn-care-services.html,445 NW 27th Ave
167,later,14.0,Square Yard Landscaping,lawn care,No reviews,(352) 251-9418,call,https://florida-man-bioscience.github.io/demo-websites/generated-sites/square-yard-landscaping.html,4102 NW 21st Dr
168,later,14.0,S & S Cleaners,cleaning services,4.4,(352) 372-4184,call,https://florida-man-bioscience.github.io/demo-websites/generated-sites/s-s-cleaners.html,"503 SW 3rd St, Gainesville, FL"
169,later,14.0,Gator Painters,painters,4.9 (not specified),(352) 214-6317,call,https://florida-man-bioscience.github.io/demo-websites/generated-sites/gator-painters.html,"Gainesville, FL"
170,later,14.0,A Plus Painting and Repair,painters,5.0 (not specified),(352) 665-8022,call,https://florida-man-bioscience.github.io/demo-websites/generated-sites/a-plus-painting-and-repair.html,"3525 SW 31st Dr #8A, Gainesville, FL"
171,later,14.0,Orange and Blue Painting,painters,4.9 (not specified),(352) 593-1888,call,https://florida-man-bioscience.github.io/demo-websites/generated-sites/orange-and-blue-painting.html,"1123 NE 20th Ave, Gainesville, FL"
172,later,14.0,Sunshine Professional Painters,painters,No reviews,(352) 448-0077,call,https://florida-man-bioscience.github.io/demo-websites/generated-sites/sunshine-professional-painters.html,"719 NW 31st Ave, Gainesville, FL"
173,later,14.0,Gainesville Painters Pro,painters,No reviews,(352) 900-3455,call,https://florida-man-bioscience.github.io/demo-websites/generated-sites/gainesville-painters-pro.html,"SW Williston Rd Apt. 3015, Gainesville, FL"
174,later,14.0,Grand HVAC Repair Gainesville,hvac,No reviews,(352) 772-2154,call,https://florida-man-bioscience.github.io/demo-websites/generated-sites/grand-hvac-repair-gainesville.html,816 SE 4th Ave
175,later,14.0,DIY Jeff Gainesville,handyman,5.0,(904) 452-1209,call,https://florida-man-bioscience.github.io/demo-websites/generated-sites/diy-jeff-gainesville.html,3515 NW 39th Ln
176,later,14.0,Old Fashioned Handyman Service of Gainesville,handyman,5.0,(352) 792-8004,call,https://florida-man-bioscience.github.io/demo-websites/generated-sites/old-fashioned-handyman-service-of-gainesville.html,1801 NE 23rd Ave
177,later,14.0,Gainesville Handyman Services,handyman,No reviews,(904) 944-6505,call,https://florida-man-bioscience.github.io/demo-websites/generated-sites/gainesville-handyman-services.html,
178,later,14.0,HandyMate,handyman,5.0,(352) 794-1313,call,https://florida-man-bioscience.github.io/demo-websites/generated-sites/handymate.html,5510 SW 41st Blvd #101
179,later,14.0,Handyman of gainesville florida,handyman,No reviews,(386) 287-1535,call,https://florida-man-bioscience.github.io/demo-websites/generated-sites/handyman-of-gainesville-florida.html,
180,later,14.0,Manar Home Services,handyman,No reviews,(352) 646-2627,call,https://florida-man-bioscience.github.io/demo-websites/generated-sites/manar-home-services.html,7648 SW 25th Ave
181,later,14.0,Honey & Hearth Professional Services,handyman,No reviews,(352) 269-4024,call,https://florida-man-bioscience.github.io/demo-websites/generated-sites/honey-hearth-professional-services.html,1035 SW 60 Terrace
182,later,14.0,352's Trusted Roofing & Gutters,roofers,4.9 stars,(352) 658-7237,call,https://florida-man-bioscience.github.io/demo-websites/generated-sites/352-s-trusted-roofing-gutters.html,103 NE 23rd Ave
183,later,14.0,Ferber And O'Steen Roofing & Sheet Metal Contractors,roofers,No reviews,(352) 372-3666,call,https://florida-man-bioscience.github.io/demo-websites/generated-sites/ferber-and-o-steen-roofing-sheet-metal-contractors.html,1614 NW 4th St
184,later,14.0,Interior Exterior Building Supply,roofers,4.7 stars (34),(352) 244-9004,call,https://florida-man-bioscience.github.io/demo-websites/generated-sites/interior-exterior-building-supply.html,5440 NW 13th St
185,later,14.0,"BECT Attic Insulation & Roofing Services Inc , FL",roofers,4.0 stars (8),(352) 352-3257,call,https://florida-man-bioscience.github.io/demo-websites/generated-sites/bect-attic-insulation-roofing-services-inc-fl.html,4460 SW 35th Terrace
186,later,14.0,Carters Construction,contractors,,(352) 260-6919,call,https://florida-man-bioscience.github.io/demo-websites/generated-sites/carters-construction.html,3499 NW 97th Blvd #9
187,later,14.0,Leja Construction Inc,contractors,,(352) 378-2104,call,https://florida-man-bioscience.github.io/demo-websites/generated-sites/leja-construction-inc.html,3845 NW 37th Pl
188,later,14.0,FERRER General Contractors LLC,contractors,,(954) 383-6565,call,https://florida-man-bioscience.github.io/demo-websites/generated-sites/ferrer-general-contractors-llc.html,8 SW 79th Dr
189,later,14.0,Critter-Free Solutions,pest control,4.1 (No review count shown),(352) 580-9170,call,https://florida-man-bioscience.github.io/demo-websites/generated-sites/critter-free-solutions.html,"22d SE 5th Ave, Gainesville, FL 32601"
190,later,13.56,Kelly's Kwik Stop,convenience stores,4.0 (13),,mailer,https://florida-man-bioscience.github.io/demo-websites/generated-sites/kelly-s-kwik-stop.html,SW 34th St
191,later,12.98,Outreach Clothing & More Center,clothing boutiques,3.6 (15),,mailer,https://florida-man-bioscience.github.io/demo-websites/generated-sites/outreach-clothing-more-center.html,"2430 NW 6th St, Gainesville, FL 32609"
192,later,12.73,Quick Mart (N Main St),convenience stores,5.0 (6),,mailer,https://florida-man-bioscience.github.io/demo-websites/generated-sites/quick-mart-n-main-st.html,809 N Main St
193,later,12.39,Gainesville Dance,dance studios,2.0 (1),(352) 327-3672,call,https://florida-man-bioscience.github.io/demo-websites/generated-sites/gainesville-dance.html,3830 NW 16th Blvd
194,later,11.49,University of Florida - Cuong Nhu Cypress Dojo,martial arts,5.0 (2),,mailer,https://florida-man-bioscience.github.io/demo-websites/generated-sites/university-of-florida-cuong-nhu-cypress-dojo.html,"Gainesville, FL"
195,later,11.47,T-Desk Designs,clothing boutiques,5.0 (1),(352) 575-5525,call,https://florida-man-bioscience.github.io/demo-websites/generated-sites/t-desk-designs.html,"3203 NW 4th St, Gainesville, FL 32609"
196,later,11.37,X Tra Beverage Discount Store,convenience stores,3.2 (9),(352) 372-4114,call,https://florida-man-bioscience.github.io/demo-websites/generated-sites/x-tra-beverage-discount-store.html,119 NE 16th Ave
197,later,11.3,West Neighhour,convenience stores,3.0 (2),(352) 333-0533,call,https://florida-man-bioscience.github.io/demo-websites/generated-sites/west-neighhour.html,7114 W University Ave
198,later,11.0,Sun Fresh Style,hair salons,4.8 (based on reviews),(352) 278-2973,call,https://florida-man-bioscience.github.io/demo-websites/generated-sites/sun-fresh-style.html,"1829 SW 13th St, Gainesville, FL 32608"
199,later,11.0,Elemental Salon,hair salons,5.0 (based on reviews),(954) 675-5534,call,https://florida-man-bioscience.github.io/demo-websites/generated-sites/elemental-salon.html,"490 NW 60th St #21, Gainesville, FL 32607"
200,later,11.0,Total Image Salon,hair salons,4.2 (187 reviews),(352) 373-5055,call,https://florida-man-bioscience.github.io/demo-websites/generated-sites/total-image-salon.html,"115 NW 3rd St, Gainesville, FL 32601"
201,later,11.0,Joy And Beauty,hair salons,,(352) 215-3278,call,https://florida-man-bioscience.github.io/demo-websites/generated-sites/joy-and-beauty.html,"1020 NW 23rd Ave Suite D, Gainesville, FL 32609"
202,later,11.0,Oasis Car Wash,car wash,3.9 stars,(352) 378-7195,call,https://florida-man-bioscience.github.io/demo-websites/generated-sites/oasis-car-wash.html,402 NW 39th Ave
203,later,11.0,Car Wash (NW 43rd St),car wash,4.6 stars,(352) 377-4355,call,https://florida-man-bioscience.github.io/demo-websites/generated-sites/car-wash-nw-43rd-st.html,5221 NW 43rd St
204,later,11.0,Brighton Beach Car Wash,car wash,4.1 stars,(352) 262-5980,call,https://florida-man-bioscience.github.io/demo-websites/generated-sites/brighton-beach-car-wash.html,11202 NW US Hwy 441
205,later,11.0,Car Wash (NW 13th St),car wash,No reviews,(352) 378-7195,call,https://florida-man-bioscience.github.io/demo-websites/generated-sites/car-wash-nw-13th-st.html,3831 NW 13th St
206,later,11.0,SJ Luxury Details,car wash,4.4 stars (7 Reviews),(754) 284-9793,call,https://florida-man-bioscience.github.io/demo-websites/generated-sites/sj-luxury-details.html,205 SE 16th Ave Apt 33X
207,later,11.0,Main Street Detailing,car wash,4.1 stars (20 Reviews),(352) 375-4474,call,https://florida-man-bioscience.github.io/demo-websites/generated-sites/main-street-detailing.html,1025 N Main St A
208,later,11.0,Marathon Car Wash,car wash,2.7 stars (3 Reviews),(352) 378-7195,call,https://florida-man-bioscience.github.io/demo-websites/generated-sites/marathon-car-wash.html,3423 SW Williston Rd
209,later,11.0,Sowell Wash & Wax,car wash,4.6 stars (11 Reviews),(352) 278-0565,call,https://florida-man-bioscience.github.io/demo-websites/generated-sites/sowell-wash-wax.html,1954 N Main St #2
210,later,11.0,Anymeanz Detailing,car wash,4.9 stars (82 Reviews),(352) 361-6810,call,https://florida-man-bioscience.github.io/demo-websites/generated-sites/anymeanz-detailing.html,1106 SE 3rd Ave
211,later,11.0,Love N Care Christian Learning Center,daycares,"4.6 (reviews not visible in text snippet, but star rating is 4.6)",(352) 378-5190,call,https://florida-man-bioscience.github.io/demo-websites/generated-sites/love-n-care-christian-learning-center.html,1001 NE 16th Ave
212,later,11.0,A World of Angels,daycares,5.0 (reviews not visible),(352) 381-0080,call,https://florida-man-bioscience.github.io/demo-websites/generated-sites/a-world-of-angels.html,1119 NW 42nd Ave
213,later,11.0,Gainesville Tango Exchange,dance studios,No reviews,(862) 208-2646,call,https://florida-man-bioscience.github.io/demo-websites/generated-sites/gainesville-tango-exchange.html,720 NW 23rd Ave
214,later,11.0,Gainesville CPA,accountants,No reviews,(352) 377-3000,call,https://florida-man-bioscience.github.io/demo-websites/generated-sites/gainesville-cpa.html,726 NW 8th Ave
215,later,11.0,Richardson & Ellison: Berryhill Steven J CPA,accountants,No reviews,(352) 376-4434,call,https://florida-man-bioscience.github.io/demo-websites/generated-sites/richardson-ellison-berryhill-steven-j-cpa.html,1208 NW 6th St B
216,later,11.0,Emerald Scarab Tattoo Parlor,tattoo shops,No reviews,(301) 800-2815,call,https://florida-man-bioscience.github.io/demo-websites/generated-sites/emerald-scarab-tattoo-parlor.html,"903 NW 6th St, Gainesville, FL 32601"
217,later,11.0,Prestige Jeweler,jewelers,4.6,(352) 332-3427,call,https://florida-man-bioscience.github.io/demo-websites/generated-sites/prestige-jeweler.html,"2725 SW 91st St #110, Gainesville, FL 32608"
218,later,9.72,A-Best Coin Laundry & Dry,dry cleaners,2.8 (45),,mailer,https://florida-man-bioscience.github.io/demo-websites/generated-sites/a-best-coin-laundry-dry.html,2411 SW 13th St
219,later,9.45,University City Title LLC,notary,2.8 (6),(352) 316-4214,call,https://florida-man-bioscience.github.io/demo-websites/generated-sites/university-city-title-llc.html,"309 NE 1st St, Gainesville, FL"
220,later,9.0,Splee,cleaning services,4.9,,mailer,https://florida-man-bioscience.github.io/demo-websites/generated-sites/splee.html,"4647 NW 6th St suite j, Gainesville, FL"
221,later,9.0,C-Mac HandyMan,handyman,5.0,,mailer,https://florida-man-bioscience.github.io/demo-websites/generated-sites/c-mac-handyman.html,1700 SW 16th Ct
222,later,8.83,Mallard's Upholstery,upholstery,3.0 (4),(352) 376-3718,call,https://florida-man-bioscience.github.io/demo-websites/generated-sites/mallard-s-upholstery.html,"1801 NE 23rd Ave, Gainesville, FL"
223,later,8.49,Quick Mart (W University Ave),convenience stores,5.0 (2),,mailer,https://florida-man-bioscience.github.io/demo-websites/generated-sites/quick-mart-w-university-ave.html,1800 W University Ave #120
224,later,8.0,Tower Laundromat,laundromats,4.4,(352) 451-4393,call,https://florida-man-bioscience.github.io/demo-websites/generated-sites/tower-laundromat.html,"600 NW 75th St Ste A, Gainesville, FL"
225,later,8.0,Señor Bubbles Laundromat,laundromats,4.5,(352) 810-4080,call,https://florida-man-bioscience.github.io/demo-websites/generated-sites/se-or-bubbles-laundromat.html,"4080 SW 24th Ave, Gainesville, FL"
226,later,8.0,Wash King,laundromats,3.3,(352) 872-3856,call,https://florida-man-bioscience.github.io/demo-websites/generated-sites/wash-king.html,"210 NE 16th Ave, Gainesville, FL"
227,later,8.0,Don's Coin Laundry,laundromats,3.4,(352) 376-6997,call,https://florida-man-bioscience.github.io/demo-websites/generated-sites/don-s-coin-laundry.html,"5001 NW 34th Blvd A, Gainesville, FL"
228,later,8.0,Prins Commercial Laundry Equipment,laundromats,4.0,(352) 377-6827,call,https://florida-man-bioscience.github.io/demo-websites/generated-sites/prins-commercial-laundry-equipment.html,"3008 NE 19th Dr, Gainesville, FL"
229,later,8.0,Precious Emeralds Boutique,clothing boutiques,No reviews,(352) 888-7750,call,https://florida-man-bioscience.github.io/demo-websites/generated-sites/precious-emeralds-boutique.html,"901 NW 8th Ave Suite B5-2, Gainesville, FL 32601"
230,later,8.0,TeeTok Supply,clothing boutiques,No reviews,(207) 551-9593,call,https://florida-man-bioscience.github.io/demo-websites/generated-sites/teetok-supply.html,"1642 W University Ave, Gainesville, FL 32603"
231,later,8.0,Zeezenia International Market,grocery stores,4.6 (Visible),(352) 371-3311,call,https://florida-man-bioscience.github.io/demo-websites/generated-sites/zeezenia-international-market.html,"2325 SW 13th St, Gainesville, FL 32608"
232,later,8.0,Stelle's Mobile Notary Services,notary,5.0,(352) 792-3801,call,https://florida-man-bioscience.github.io/demo-websites/generated-sites/stelle-s-mobile-notary-services.html,"152 Castle Dr, Gainesville, FL"
233,later,8.0,Here For You Mobile Notary Service,notary,5.0,(352) 262-7391,call,https://florida-man-bioscience.github.io/demo-websites/generated-sites/here-for-you-mobile-notary-service.html,"Gainesville, FL"
234,later,8.0,L Yvonne Notary Services LLC,notary,5.0,(352) 663-3567,call,https://florida-man-bioscience.github.io/demo-websites/generated-sites/l-yvonne-notary-services-llc.html,"2153 SE Hawthorne Rd #211-F, Gainesville, FL"
235,later,8.0,Paul's Upholstery,upholstery,5.0,(352) 378-0535,call,https://florida-man-bioscience.github.io/demo-websites/generated-sites/paul-s-upholstery.html,"5230 SW 56th Terrace, Gainesville, FL"
236,later,8.0,Clear Image Signs,print shops,3.7 stars (unknown review count),(352) 872-5737,call,https://florida-man-bioscience.github.io/demo-websites/generated-sites/clear-image-signs.html,1901 NW 67th Pl unit a
237,later,8.0,Flair Pro Color Lab,print shops,3.5 stars (2 Reviews),(352) 336-4008,call,https://florida-man-bioscience.github.io/demo-websites/generated-sites/flair-pro-color-lab.html,519 SW 60th Rd
238,later,8.0,Michelle's Print Studio,print shops,No reviews,(954) 708-6527,call,https://florida-man-bioscience.github.io/demo-websites/generated-sites/michelle-s-print-studio.html,4002 NW 8th Ave
239,later,8.0,Invo Inc,print shops,5.0 stars (1 Reviews),(352) 375-4330,call,https://florida-man-bioscience.github.io/demo-websites/generated-sites/invo-inc.html,4010 Newberry Rd Ste A
240,later,8.0,Best Brand Solutions,print shops,5.0 stars (6 Reviews),(352) 231-4814,call,https://florida-man-bioscience.github.io/demo-websites/generated-sites/best-brand-solutions.html,747 SW 2nd Ave Suite 170
241,later,6.47,The Corner Store,convenience stores,5.0 (1),,mailer,https://florida-man-bioscience.github.io/demo-websites/generated-sites/the-corner-store.html,1115 N Main St
242,later,6.3,Simply Fashion,clothing boutiques,3.0 (2),,mailer,https://florida-man-bioscience.github.io/demo-websites/generated-sites/simply-fashion.html,"1208 N Main St, Gainesville, FL 32601"
243,later,6.0,gville sweets,bakeries,5.0 (visible stars),,mailer,https://florida-man-bioscience.github.io/demo-websites/generated-sites/gville-sweets.html,"211 SW 4th Ave Ste 6, Gainesville, FL 32601"
244,later,6.0,Cutz by Dray,hair salons,,,mailer,https://florida-man-bioscience.github.io/demo-websites/generated-sites/cutz-by-dray.html,"1411 NW 6th St, Ste 120, Gainesville, FL 32601"
245,later,6.0,P.First,hair salons,,,mailer,https://florida-man-bioscience.github.io/demo-websites/generated-sites/p-first.html,"3004 NE 10th St, Gainesville, FL 32609"
246,later,6.0,Immaculate Conceptions,hair salons,,,mailer,https://florida-man-bioscience.github.io/demo-websites/generated-sites/immaculate-conceptions.html,"4101 NE 2nd Way, Gainesville, FL 32609"
247,later,6.0,Paper Cuts Barbershop,hair salons,,,mailer,https://florida-man-bioscience.github.io/demo-websites/generated-sites/paper-cuts-barbershop.html,"1371 SE 22nd Ave, Gainesville, FL 32641"
248,later,6.0,Loc'd Down By Toya,hair salons,,,mailer,https://florida-man-bioscience.github.io/demo-websites/generated-sites/loc-d-down-by-toya.html,"1020 NW 23rd Ave, Unit C, Gainesville, FL 32609"
249,later,6.0,Miraculously Loc,hair salons,,,mailer,https://florida-man-bioscience.github.io/demo-websites/generated-sites/miraculously-loc.html,"1109 NW 13th St, Suite H, Gainesville, FL 32601"
250,later,3.0,Laundromat,laundromats,No reviews,,mailer,https://florida-man-bioscience.github.io/demo-websites/generated-sites/laundromat.html,"1888 SW 42nd Dr, Gainesville, FL"
251,later,3.0,DJ Coin Laundry,laundromats,2.2,,mailer,https://florida-man-bioscience.github.io/demo-websites/generated-sites/dj-coin-laundry.html,"SE Hawthorne Rd, Gainesville, FL"
252,later,3.0,A-Best Coin Laundry & Dry,laundromats,2.8,,mailer,https://florida-man-bioscience.github.io/demo-websites/generated-sites/a-best-coin-laundry-dry.html,"2411 SW 13th St, Gainesville, FL"
